<publishData>
  <publishTarget publishUrl="C:\Inetpub\wwwroot\FINALWEBSCRIPT1\">
    <file relUrl="bin/WSVMukti.Business.dll" publishTime="01/28/2009 15:23:10" />
    <file relUrl="bin/WSVMukti.Common.pdb" publishTime="01/02/2009 16:34:29" />
    <file relUrl="bin/WSVMukti.Common.dll" publishTime="01/02/2009 16:34:31" />
    <file relUrl="bin/WSVMUKTI.dll" publishTime="01/28/2009 17:03:19" />
    <file relUrl="bin/WSVMUKTI.pdb" publishTime="01/28/2009 17:03:19" />
    <file relUrl="bin/WSVMukti.DataAccess.dll" publishTime="01/02/2009 16:34:42" />
    <file relUrl="Web.config" publishTime="12/24/2008 12:05:45" />
    <file relUrl="Default.asmx" publishTime="12/24/2008 12:09:54" />
    <file relUrl="bin/WSVMukti.Business.pdb" publishTime="01/28/2009 15:23:10" />
    <file relUrl="bin/VMuktiService.DLL" publishTime="03/03/2008 18:04:54" />
    <file relUrl="bin/WSVMukti.DataAccess.pdb" publishTime="01/02/2009 16:34:42" />
    <file relUrl="bin/VMuktiAPI.DLL" publishTime="03/26/2008 12:23:24" />
  </publishTarget>
  <publishTarget publishUrl="C:\Inetpub\wwwroot\FINALWEBSCRIPT\">
    <file relUrl="bin/WSVMUKTI.dll" publishTime="01/02/2009 16:22:22" />
    <file relUrl="bin/WSVMukti.Common.dll" publishTime="01/02/2009 16:21:48" />
    <file relUrl="bin/WSVMUKTI.pdb" publishTime="01/02/2009 16:22:22" />
    <file relUrl="bin/WSVMukti.DataAccess.dll" publishTime="01/02/2009 16:21:59" />
    <file relUrl="Web.config" publishTime="12/24/2008 12:05:45" />
    <file relUrl="bin/WSVMukti.Business.dll" publishTime="01/02/2009 16:22:20" />
    <file relUrl="bin/WSVMukti.Common.pdb" publishTime="01/02/2009 16:21:42" />
    <file relUrl="bin/WSVMukti.Business.pdb" publishTime="01/02/2009 16:22:20" />
    <file relUrl="bin/VMuktiService.DLL" publishTime="03/03/2008 18:04:54" />
    <file relUrl="Default.asmx" publishTime="12/24/2008 12:09:54" />
    <file relUrl="bin/WSVMukti.DataAccess.pdb" publishTime="01/02/2009 16:21:59" />
    <file relUrl="bin/VMuktiAPI.DLL" publishTime="03/26/2008 12:23:24" />
  </publishTarget>
</publishData>