<Root>
  <cmbFormat>
    <Item value="1">
    </Item>
    <Item value="EXCEL">
    </Item>
  </cmbFormat>
  <cmbListType>
    <item1 key="0" value="Calling List">
    </item1>
  </cmbListType>
  <lstLists>
    <Item1 key="System.Windows.Controls.ListBoxItem: Test Calling List" value="1">
    </Item1>
  </lstLists>
  <lstFilterType>
    <Item value="1,4,'TollFree'~'ALA'~'AST'~'ATL'~'CEN'~'EST'~'GUT'~'HAW'~'MTN'~'NFT'~'PAC',IN">
    </Item>
  </lstFilterType>
  <cmbCountry>
    <Item value="1">
    </Item>
  </cmbCountry>
  <FileName>
    <Item value="D:\E Drive\VMukti Leads\Copy of NCAblueskyeW22-13537_cleanebr.xls">
    </Item>
  </FileName>
  <txtDNC>
    <Item key="True" value="">
    </Item>
  </txtDNC>
  <chkGlobalDNC>
    <Item key="False">
    </Item>
  </chkGlobalDNC>
  <connectionString>Data Source=192.168.191.190;Initial Catalog=vmukti;User ID=sa;PassWord=mahavir</connectionString>
  <VmuktiID>1</VmuktiID>
</Root>