<Root>
  <cmbFormat>
    <Item value="1">
    </Item>
    <Item value="EXCEL">
    </Item>
  </cmbFormat>
  <cmbListType>
    <item1 key="0" value="Calling List">
    </item1>
  </cmbListType>
  <lstLists>
    <Item1 key="System.Windows.Controls.ListBoxItem: Test Calling List" value="1">
    </Item1>
  </lstLists>
  <lstFilterType>
    <Item value="1,4,'ALA'~'AST'~'ATL'~'CEN'~'EST'~'GUT'~'HAW'~'MTN'~'NFT'~'PAC'~'TollFree',In">
    </Item>
  </lstFilterType>
  <cmbCountry>
    <Item value="91">
    </Item>
  </cmbCountry>
  <FileName>
    <Item value="D:\Other User\Kan\Import\Leads\Normal leads\newSample2.xls">
    </Item>
  </FileName>
  <txtDNC>
    <Item key="True" value="">
    </Item>
  </txtDNC>
  <chkGlobalDNC>
    <Item key="False">
    </Item>
  </chkGlobalDNC>
  <connectionString>Data Source=192.168.191.203;Initial Catalog=VMukti_Redundant;User ID=sa;PassWord=mahavir</connectionString>
  <VmuktiID>2</VmuktiID>
</Root>